topicId,words..
1,salt boil let boiled put boiling quantity veal melted well
2,keep meat same placed longer cook makes long open hands
3,half three two sugar lemon till quarter peel meat stewpan
4,water make half salt done three set pudding wash few
5,little salt minutes fresh hour put oven hot done much
6,sugar pound flour butter eggs put stir table small boil
7,put table servants make round dinner let until cloth another
8,good great old white want house think own soon beer
9,put two take half boil milk pounds flour eggs ounce
10,well way always taste little warm necessary less boiling cake
11,good half well small wash often boil large vegetables cook
12,saucepan color done few pound liquor ounces little together water
13,food flour children meat used good diet hours health meal
14,half two cold juice stir warm well water spoonfuls each
15,use fish kind better common kept things even sweet pies
16,take mix strain fire add fat serve let rub dry
17,water butter pound pint sugar add fine four three good
18,people boiled made amp economy pie like makes three few
19,two till bread little beef make take stew hot pounded
20,other much dry time tea new cut water look away
21,large milk spoonful pan cut pudding beat till loaf cakes
22,amp take clean place servant plate thing each first two
23,put enough vinegar head six each good bottom cloves thin
24,best family never young like dinner man kinds lady soft
25,put cut dish cover sauce pan small flour boil take
